City_ID,City,Country,Date,Lat,Lng,Max Temp,Humidity,Cloudiness,Wind Speed
0,Iracoubo,GF,2022-11-30 04:11:29,5.4802,-53.2011,75.76,90,88,5.82
1,Pevek,RU,2022-11-30 04:11:29,69.7008,170.3133,7.18,95,100,11.97
2,Halifax,CA,2022-11-30 04:10:49,44.6453,-63.5724,28.47,74,5,4.0
3,Bali,ID,2022-11-30 04:11:30,-8.5,115.0,85.23,65,85,5.68
4,Rikitea,PF,2022-11-30 04:10:33,-23.1203,-134.9692,72.18,72,82,13.2
5,San Patricio,US,2022-11-30 04:07:13,28.017,-97.5169,71.83,92,1,3.85
6,Mahebourg,MU,2022-11-30 04:11:30,-20.4081,57.7,79.25,68,80,9.84
7,Hualmay,PE,2022-11-30 04:07:16,-11.0964,-77.6139,67.59,81,100,6.44
8,Ponta Do Sol,PT,2022-11-30 04:11:30,32.6667,-17.1,63.23,72,18,3.4
9,Kapaa,US,2022-11-30 04:11:31,22.0752,-159.319,79.12,84,0,3.44
10,Port Blair,IN,2022-11-30 04:11:31,11.6667,92.75,86.04,70,40,6.91
11,Salinopolis,BR,2022-11-30 04:11:31,-0.6136,-47.3561,76.66,85,100,4.21
12,Castro,BR,2022-11-30 04:11:32,-24.7911,-50.0119,58.62,97,95,4.47
13,Dalbandin,PK,2022-11-30 04:11:32,28.8947,64.4101,58.41,34,1,6.46
14,Qaanaaq,GL,2022-11-30 04:11:32,77.484,-69.3632,-18.09,81,19,6.51
15,Ushuaia,AR,2022-11-30 04:11:32,-54.8,-68.3,46.06,66,75,14.97
16,Cape Town,ZA,2022-11-30 04:07:17,-33.9258,18.4232,65.26,85,75,4.0
17,Poya,NC,2022-11-30 04:11:33,-21.35,165.15,83.14,70,87,1.36
18,Jiutai,CN,2022-11-30 04:11:33,44.1525,125.8328,6.87,43,53,19.37
19,Bodo,NO,2022-11-30 04:11:33,67.28,14.405,37.78,71,20,13.8
20,Bethel,US,2022-11-30 04:11:34,41.3712,-73.414,34.63,87,0,0.0
21,Talaya,RU,2022-11-30 04:11:34,61.3833,152.75,-18.51,99,100,6.13
22,Cam Ranh,VN,2022-11-30 04:11:34,11.9214,109.1591,87.76,62,20,12.66
23,Chabahar,IR,2022-11-30 04:11:35,25.2919,60.643,77.47,38,16,3.29
24,Longyearbyen,SJ,2022-11-30 04:11:35,78.2186,15.6401,31.84,86,75,16.11
25,Torbay,CA,2022-11-30 04:09:29,47.6666,-52.7314,27.39,76,44,5.01
26,Kenai,US,2022-11-30 04:11:35,60.5544,-151.2583,-5.71,84,0,3.44
27,Dikson,RU,2022-11-30 04:11:35,73.5069,80.5464,4.89,98,98,4.05
28,Jamestown,US,2022-11-30 04:11:36,42.097,-79.2353,49.59,80,0,16.11
29,Hasaki,JP,2022-11-30 04:11:36,35.7333,140.8333,68.29,77,100,12.75
30,Punta Arenas,CL,2022-11-30 04:08:48,-53.15,-70.9167,46.11,61,100,24.96
31,Ewa Beach,US,2022-11-30 04:11:37,21.3156,-158.0072,80.55,71,0,8.05
32,Lompoc,US,2022-11-30 04:11:37,34.6391,-120.4579,48.78,86,0,3.44
33,Lethem,GY,2022-11-30 04:11:37,3.3803,-59.7968,75.43,88,81,8.68
34,Aykhal,RU,2022-11-30 04:11:37,66.0,111.5,-1.75,97,100,14.63
35,La Libertad,EC,2022-11-30 04:11:38,-2.2333,-80.9,70.63,80,95,11.48
36,Carutapera,BR,2022-11-30 04:11:38,-1.195,-46.02,74.43,94,100,2.35
37,Hovd,MN,2022-11-30 04:11:38,48.0056,91.6419,-0.8,59,11,0.65
38,Hermanus,ZA,2022-11-30 04:11:39,-34.4187,19.2345,64.8,85,12,7.36
39,Tasiilaq,GL,2022-11-30 04:11:39,65.6145,-37.6368,39.36,94,100,37.92
40,Arraial Do Cabo,BR,2022-11-30 04:11:39,-22.9661,-42.0278,73.09,90,80,21.45
41,Belen,TR,2022-11-30 04:11:39,36.4891,36.2233,48.34,100,75,3.44
42,Yatou,CN,2022-11-30 04:11:40,37.15,122.3833,31.21,59,96,16.28
43,Nikolskoye,RU,2022-11-30 04:11:40,59.7035,30.7861,26.49,92,100,4.32
44,Mataura,NZ,2022-11-30 04:11:40,-46.1927,168.8643,55.17,84,90,9.89
45,Vaini,TO,2022-11-30 04:11:40,-21.2,-175.2,82.56,74,20,10.36
46,Lorengau,PG,2022-11-30 04:12:41,-2.0226,147.2712,84.92,69,83,9.48
47,Arrecife,ES,2022-11-30 04:12:41,28.963,-13.5477,62.58,72,0,6.91
48,Vardo,NO,2022-11-30 04:12:41,70.3705,31.1107,31.98,86,81,23.02
49,Nanortalik,GL,2022-11-30 04:12:42,60.1432,-45.2371,31.68,83,100,8.68
50,Ossora,RU,2022-11-30 04:12:42,59.2353,163.0719,15.35,89,70,2.24
51,San Cristobal,VE,2022-11-30 04:12:42,7.7669,-72.225,66.38,98,100,3.91
52,Albany,US,2022-11-30 04:10:42,42.6001,-73.9662,32.27,79,100,3.0
53,Geraldton,AU,2022-11-30 04:12:42,-28.7667,114.6,77.41,65,75,11.5
54,Yar-Sale,RU,2022-11-30 04:11:46,66.8333,70.8333,-5.39,100,79,1.7
55,Doha,QA,2022-11-30 04:12:43,25.2867,51.5333,75.18,73,0,2.3
56,Tuatapere,NZ,2022-11-30 04:12:43,-46.1333,167.6833,49.21,83,95,15.68
57,Niltepec,MX,2022-11-30 04:12:43,16.5667,-94.6167,75.51,87,69,1.99
58,Katsuura,JP,2022-11-30 04:10:35,35.1333,140.3,68.45,78,90,7.9
59,Port Alfred,ZA,2022-11-30 04:12:44,-33.5906,26.891,71.35,80,3,3.51
60,San Matias,BO,2022-11-30 04:12:44,-16.3667,-58.4,79.92,41,27,3.0
61,Georgetown,MY,2022-11-30 04:12:44,5.4112,100.3354,87.73,81,20,4.61
62,Hamilton,US,2022-11-30 04:07:53,39.1834,-84.5333,58.24,86,100,11.5
63,Vinh,VN,2022-11-30 04:10:13,18.6667,105.6667,82.36,77,42,6.35
64,Talnakh,RU,2022-11-30 04:12:45,69.4865,88.3972,-10.21,99,100,2.71
65,San Lawrenz,MT,2022-11-30 04:12:45,36.0553,14.204,53.01,68,63,22.17
66,Paracuru,BR,2022-11-30 04:12:45,-3.41,-39.0306,80.11,82,99,3.47
67,Guamal,CO,2022-11-30 04:10:47,9.1433,-74.2238,72.99,99,100,2.75
68,North Bend,US,2022-11-30 04:12:45,43.4065,-124.2243,47.07,95,100,8.05
69,Shumskiy,RU,2022-11-30 04:12:46,54.8318,99.1328,4.68,65,100,8.01
70,Jacqueville,CI,2022-11-30 04:12:46,5.2052,-4.4146,79.12,82,42,6.31
71,Krutikha,RU,2022-11-30 04:12:46,53.9599,81.2093,-4.02,81,100,2.84
72,Vila Velha,BR,2022-11-30 04:12:47,-20.3297,-40.2925,75.15,94,100,11.5
73,Brae,GB,2022-11-30 04:12:47,60.3964,-1.353,46.76,86,100,10.25
74,Luderitz,NA,2022-11-30 04:12:47,-26.6481,15.1594,59.9,90,0,7.25
75,Butaritari,KI,2022-11-30 04:12:47,3.0707,172.7902,81.21,75,16,9.93
76,Saskylakh,RU,2022-11-30 04:12:48,71.9167,114.0833,-23.93,99,100,6.78
77,Bereda,ES,2022-11-30 04:12:48,43.2686,-7.5406,44.42,100,92,2.24
78,Mar Del Plata,AR,2022-11-30 04:08:30,-38.0023,-57.5575,67.08,96,100,8.01
79,Palmerston,AU,2022-11-30 04:12:48,-12.486,130.9833,93.88,59,75,6.91
80,Thompson,CA,2022-11-30 04:12:49,55.7435,-97.8558,-0.63,93,100,14.14
81,Koygorodok,RU,2022-11-30 04:12:49,60.445,50.9968,16.81,96,100,4.36
82,Baykit,RU,2022-11-30 04:12:49,61.67,96.37,-14.87,99,85,3.89
83,Barrow,US,2022-11-30 04:12:49,71.2906,-156.7887,10.42,85,100,13.8
84,Provideniya,RU,2022-11-30 04:12:20,64.3833,-173.3,32.36,100,100,11.18
85,Flinders,AU,2022-11-30 04:12:50,-34.5833,150.8552,72.05,62,13,4.0
86,Senno,RU,2022-11-30 04:12:50,59.5336,33.9167,19.26,83,100,6.13
87,Itarema,BR,2022-11-30 04:11:32,-2.9248,-39.9167,76.12,84,100,3.27
88,Nuevo Progreso,MX,2022-11-30 04:12:50,23.1667,-97.95,74.46,77,77,3.13
89,Monte Azul,BR,2022-11-30 04:13:51,-15.155,-42.8747,67.53,96,97,3.74
90,Puerto Ayora,EC,2022-11-30 04:13:51,-0.7393,-90.3518,69.55,89,46,8.99
91,Bredasdorp,ZA,2022-11-30 04:13:51,-34.5322,20.0403,63.37,80,6,4.97
92,Slatina,RO,2022-11-30 04:13:52,44.4333,24.3667,39.51,78,100,12.59
93,Moberly,US,2022-11-30 04:13:52,39.4184,-92.4382,30.18,70,100,16.11
94,Busselton,AU,2022-11-30 04:13:52,-33.65,115.3333,82.9,43,0,15.26
95,Maua,BR,2022-11-30 04:13:52,-23.6678,-46.4614,66.49,93,100,2.59
96,Atuona,PF,2022-11-30 04:10:27,-9.8,-139.0333,77.81,72,13,14.58
97,Tiarei,PF,2022-11-30 04:13:53,-17.5333,-149.3333,84.0,78,13,11.25
98,New Norfolk,AU,2022-11-30 04:13:53,-42.7826,147.0587,65.7,49,100,8.01
99,Port Shepstone,ZA,2022-11-30 04:13:53,-30.7414,30.455,67.62,79,0,20.11
100,Corinto,GR,2022-11-30 04:11:55,37.9407,22.9573,52.9,93,100,2.86
101,Hithadhoo,MV,2022-11-30 04:13:54,-0.6,73.0833,81.36,74,98,5.57
102,Nangomba,TZ,2022-11-30 04:13:54,-10.9,38.5,73.74,78,44,3.02
103,Opuwo,NA,2022-11-30 04:13:54,-18.0607,13.84,70.52,43,44,2.53
104,Hambantota,LK,2022-11-30 04:13:55,6.1241,81.1185,80.69,66,41,8.12
105,Yongan,CN,2022-11-30 04:13:55,39.6957,113.6871,9.36,22,0,17.4
106,Nelson Bay,AU,2022-11-30 04:13:55,-32.7167,152.15,71.65,59,45,4.0
107,Isangel,VU,2022-11-30 04:13:55,-19.55,169.2667,85.46,67,44,5.06
108,Husavik,IS,2022-11-30 04:13:56,66.0449,-17.3389,36.12,85,76,14.7
109,Lagoa,PT,2022-11-30 04:13:56,39.05,-27.9833,61.99,69,100,6.8
110,Kavaratti,IN,2022-11-30 04:13:56,10.5669,72.642,81.43,70,0,1.34
111,Longonjo,AO,2022-11-30 04:13:57,-12.9067,15.2533,60.93,98,100,0.72
112,Kawalu,ID,2022-11-30 04:13:57,-7.3817,108.2082,81.05,67,100,4.94
113,Zlitan,LY,2022-11-30 04:13:57,32.4674,14.5687,60.17,70,74,19.73
114,Ribeira Grande,PT,2022-11-30 04:13:58,38.5167,-28.7,60.78,91,69,1.99
115,Bluff,NZ,2022-11-30 04:13:58,-46.6,168.3333,53.04,77,59,19.69
116,Labytnangi,RU,2022-11-30 04:13:58,66.6572,66.4183,2.1,98,97,5.21
117,Bataipora,BR,2022-11-30 04:13:58,-22.2953,-53.2711,66.43,91,54,4.79
118,Nueva Guinea,NI,2022-11-30 04:13:59,11.6876,-84.4562,70.57,98,100,4.23
119,Hobart,AU,2022-11-30 04:13:59,-42.8794,147.3294,66.06,48,75,16.11
120,East London,ZA,2022-11-30 04:13:59,-33.0153,27.9116,70.74,88,0,4.61
121,Morant Bay,JM,2022-11-30 04:14:00,17.8815,-76.4093,80.22,81,7,8.68
122,Blagoyevo,RU,2022-11-30 04:14:00,63.3667,47.9167,23.43,97,100,4.79
123,Nicoya,CR,2022-11-30 04:14:00,10.1483,-85.452,73.6,89,93,2.04
124,Lima,PE,2022-11-30 04:13:40,-12.0432,-77.0282,66.45,83,100,8.05
125,Gamba,GA,2022-11-30 04:14:01,-2.65,10.0,74.37,91,100,3.74
126,Victoria,HK,2022-11-30 04:09:15,22.2855,114.1577,76.96,85,51,15.99
127,Mahon,ES,2022-11-30 04:14:01,39.8885,4.2658,54.16,62,20,16.11
128,Narsaq,GL,2022-11-30 04:14:01,60.9167,-46.05,28.62,86,100,5.17
129,Khatanga,RU,2022-11-30 04:14:02,71.9667,102.5,-25.55,96,6,4.38
130,Xining,CN,2022-11-30 04:14:02,36.6167,101.7667,16.74,35,100,3.27
131,Krasnoselkup,RU,2022-11-30 04:14:02,65.7,82.4667,-13.14,98,19,4.94
132,Chuy,UY,2022-11-30 04:14:02,-33.6971,-53.4616,65.95,95,1,9.15
133,Qasigiannguit,GL,2022-11-30 04:15:03,68.8193,-51.1922,26.85,93,100,2.98
134,Norman Wells,CA,2022-11-30 04:15:03,65.282,-126.8329,-18.53,94,99,1.3
135,Platonovka,RU,2022-11-30 04:15:03,52.7106,41.952,21.67,67,14,5.3
136,Hilo,US,2022-11-30 04:11:24,19.7297,-155.09,80.28,91,100,3.44
137,Lamu,KE,2022-11-30 04:15:04,-2.2717,40.902,80.82,82,70,9.69
138,Williston,US,2022-11-30 04:13:02,48.147,-103.618,11.32,78,99,5.99
139,Saint George,US,2022-11-30 04:12:04,37.1041,-113.5841,39.79,33,0,1.01
140,Palmer,US,2022-11-30 04:15:04,42.1584,-72.3287,32.86,100,20,0.0
141,Thinadhoo,MV,2022-11-30 04:15:05,0.5333,72.9333,80.89,72,100,6.31
142,Dingle,PH,2022-11-30 04:15:05,10.9995,122.6711,84.52,73,78,15.05
143,Srednekolymsk,RU,2022-11-30 04:12:19,67.45,153.6833,-26.68,99,70,6.8
144,Iskateley,RU,2022-11-30 04:15:06,67.6803,53.1512,6.19,98,64,4.7
145,Cockburn Town,TC,2022-11-30 04:13:20,21.4612,-71.1419,81.21,73,18,22.86
146,Kruisfontein,ZA,2022-11-30 04:15:06,-34.0033,24.7314,66.83,72,2,7.56
147,Iqaluit,CA,2022-11-30 04:15:06,63.7506,-68.5145,-22.95,92,16,11.95
148,Hollins,US,2022-11-30 04:15:07,37.3413,-79.9431,52.45,76,40,9.22
149,Bintulu,MY,2022-11-30 04:15:07,3.1667,113.0333,84.29,67,53,4.97
150,Rapid Valley,US,2022-11-30 04:12:34,44.0625,-103.1463,12.63,65,0,14.97
151,Airai,TL,2022-11-30 04:15:07,-8.9266,125.4092,75.38,52,72,3.83
152,Hobyo,SO,2022-11-30 04:11:48,5.3505,48.5268,81.03,65,90,18.19
153,Iquitos,PE,2022-11-30 04:15:08,-3.7481,-73.2472,75.24,94,0,1.14
154,Mount Gambier,AU,2022-11-30 04:15:08,-37.8333,140.7667,61.43,60,94,7.7
155,Omboue,GA,2022-11-30 04:15:08,-1.5746,9.2618,73.38,96,100,7.18
156,Solnechnyy,RU,2022-11-30 04:15:08,50.7214,136.6319,5.61,76,100,7.27
157,Juba,SS,2022-11-30 04:15:09,4.8517,31.5825,74.21,65,99,0.47
158,Guanajuato,MX,2022-11-30 04:10:18,21.0186,-101.2591,57.99,47,70,3.56
159,San Luis De La Paz,MX,2022-11-30 04:15:09,21.3,-100.5167,59.61,41,79,4.79
160,College,US,2022-11-30 04:10:33,64.8569,-147.8028,-9.42,76,40,0.0
161,Tessalit,ML,2022-11-30 04:15:09,20.1986,1.0114,66.2,20,99,5.5
162,Vanimo,PG,2022-11-30 04:15:10,-2.6741,141.3028,83.82,72,100,5.84
163,Margate,GB,2022-11-30 04:15:10,51.3813,1.3862,44.91,95,38,1.01
164,Falam,MM,2022-11-30 04:15:11,22.9167,93.6833,69.44,69,46,2.68
165,Avarua,CK,2022-11-30 04:15:11,-21.2078,-159.775,78.85,78,40,12.66
166,Malangwa,NP,2022-11-30 04:15:11,26.8568,85.5581,74.23,52,58,2.62
167,Zhuhai,CN,2022-11-30 04:11:02,22.2769,113.5678,74.98,83,40,16.11
168,Vila Franca Do Campo,PT,2022-11-30 04:15:12,37.7167,-25.4333,63.19,85,97,4.16
169,Nosivka,UA,2022-11-30 04:15:12,50.9315,31.5828,30.07,71,100,9.13
170,Beboto,TD,2022-11-30 04:15:12,8.2668,16.939,66.83,34,100,4.68
171,Bilma,NE,2022-11-30 04:15:13,18.6853,12.9164,59.94,45,1,8.21
172,Saryozek,KZ,2022-11-30 04:15:13,44.3583,77.9753,31.77,70,100,6.11
173,Tuktoyaktuk,CA,2022-11-30 04:15:13,69.4541,-133.0374,-4.0,77,75,8.05
174,Cherskiy,RU,2022-11-30 04:15:14,68.75,161.3,-17.09,98,99,4.63
175,Banda Aceh,ID,2022-11-30 04:15:14,5.5577,95.3222,84.58,64,100,1.97
176,Tucuma,BR,2022-11-30 04:15:15,-0.1833,-50.05,76.68,86,100,3.53
177,Acarau,BR,2022-11-30 04:15:15,-2.8856,-40.12,76.48,83,100,3.89
178,Pangnirtung,CA,2022-11-30 04:15:15,66.1451,-65.7125,-17.7,98,99,3.09
179,Souillac,MU,2022-11-30 04:16:15,-20.5167,57.5167,79.18,65,40,4.61
180,Jalu,LY,2022-11-30 04:16:16,29.0331,21.5482,56.68,55,0,9.06
181,Rurrenabaque,BO,2022-11-30 04:16:16,-14.4413,-67.5278,73.0,81,83,3.42
182,Nouadhibou,MR,2022-11-30 04:16:17,20.931,-17.0347,67.82,48,0,12.95
183,Muros,ES,2022-11-30 04:16:17,42.7762,-9.0603,54.09,89,100,18.37
184,Ukiah,US,2022-11-30 04:16:18,39.1502,-123.2078,41.63,77,0,1.01
185,Chuguyevka,RU,2022-11-30 04:16:18,44.1653,133.8633,5.63,69,89,13.89
186,Sept-Iles,CA,2022-11-30 04:16:18,50.2001,-66.3821,14.0,71,0,6.91
187,Kaitangata,NZ,2022-11-30 04:16:19,-46.2817,169.8464,59.02,66,97,13.53
188,Yakima,US,2022-11-30 04:16:19,46.4665,-120.6678,24.73,87,100,1.99
189,Stornoway,GB,2022-11-30 04:16:19,58.2093,-6.3865,49.96,80,99,12.66
190,Saint-Philippe,RE,2022-11-30 04:13:19,-21.3585,55.7679,80.19,77,40,7.2
191,Cidreira,BR,2022-11-30 04:16:20,-30.1811,-50.2056,70.38,91,52,16.11
192,Severo-Kurilsk,RU,2022-11-30 04:13:03,50.6789,156.125,37.74,98,100,8.75
193,Portland,US,2022-11-30 04:15:00,45.5234,-122.6762,45.21,91,100,15.01
194,Hofn,IS,2022-11-30 04:16:20,64.2539,-15.2082,45.27,95,100,14.97
195,Hibbing,US,2022-11-30 04:16:20,47.4272,-92.9377,18.75,73,100,8.05
196,Axim,GH,2022-11-30 04:16:21,4.8699,-2.2405,77.0,86,78,2.57
197,Surt,LY,2022-11-30 04:16:21,31.2089,16.5887,59.95,64,2,16.06
198,Nalut,LY,2022-11-30 04:16:21,30.3333,10.85,46.08,71,0,8.63
199,Veraval,IN,2022-11-30 04:16:22,20.9,70.3667,78.04,37,4,11.41
200,Dongning,CN,2022-11-30 04:16:22,44.0622,131.1207,7.56,45,34,18.59
201,Huangchuan,CN,2022-11-30 04:16:22,32.1272,115.0394,34.81,30,96,15.43
202,Caraguatay,AR,2022-11-30 04:16:23,-26.6059,-54.7809,67.82,85,38,1.68
203,Barra Do Garcas,BR,2022-11-30 04:16:23,-15.89,-52.2567,76.03,61,83,5.06
204,Nabire,ID,2022-11-30 04:16:23,-3.3667,135.4833,85.21,71,74,5.19
205,Natal,BR,2022-11-30 04:13:16,-5.795,-35.2094,79.45,78,20,3.44
206,Maldonado,UY,2022-11-30 04:14:26,-34.6667,-54.9167,69.19,92,5,8.97
207,Sioux Lookout,CA,2022-11-30 04:16:24,50.1001,-91.917,19.47,79,100,8.05
208,Grand Gaube,MU,2022-11-30 04:16:24,-20.0064,57.6608,79.38,62,100,8.99
209,Chokurdakh,RU,2022-11-30 04:16:24,70.6333,147.9167,-9.09,99,100,6.89
210,Tabas,IR,2022-11-30 04:16:24,33.5959,56.9244,57.72,35,98,0.58
211,Trincomalee,LK,2022-11-30 04:16:25,8.5711,81.2335,80.13,69,94,5.32
212,Santa Clarita,US,2022-11-30 04:16:09,34.3917,-118.5426,55.22,71,0,1.01
213,Bathsheba,BB,2022-11-30 04:16:25,13.2167,-59.5167,79.41,73,40,16.11
214,Inverell,AU,2022-11-30 04:16:26,-29.7833,151.1167,73.67,59,100,7.0
215,Fortuna,US,2022-11-30 04:16:26,40.5982,-124.1573,43.14,92,0,5.75
216,Klaksvik,FO,2022-11-30 04:16:26,62.2266,-6.589,47.32,87,100,17.0
217,Carahue,CL,2022-11-30 04:16:27,-38.7,-73.1667,48.31,85,69,5.61
218,Mikkeli,FI,2022-11-30 04:16:27,61.6886,27.2723,28.51,93,100,3.44
219,Balkanabat,TM,2022-11-30 04:16:27,39.5108,54.3671,51.51,72,95,1.99
220,Clyde River,CA,2022-11-30 04:16:28,70.4692,-68.5914,-21.77,69,0,5.75
221,Amarwara,IN,2022-11-30 04:16:28,22.3,79.1667,67.53,37,99,4.34
222,Severo-Yeniseyskiy,RU,2022-11-30 04:16:28,60.3725,93.0408,-15.14,98,95,3.51
223,Meulaboh,ID,2022-11-30 04:17:29,4.1363,96.1285,81.16,78,98,4.41
224,Marsh Harbour,BS,2022-11-30 04:17:29,26.5412,-77.0636,77.14,70,55,17.29
225,Charters Towers,AU,2022-11-30 04:17:29,-20.1,146.2667,71.6,87,100,13.94
226,Oranjemund,NA,2022-11-30 04:14:25,-28.55,16.4333,59.56,88,61,4.68
227,Platanos,GR,2022-11-30 04:17:30,37.6667,21.6167,54.09,80,92,8.77
228,Lebedyn,UA,2022-11-30 04:17:30,50.5852,34.4849,28.85,46,100,13.31
229,Vasteras,SE,2022-11-30 04:17:30,59.6162,16.5528,37.31,93,75,6.91
230,Parakan,ID,2022-11-30 04:17:30,-6.4191,106.0081,87.8,53,100,7.18
231,Vao,NC,2022-11-30 04:17:31,-22.6667,167.4833,79.27,80,91,3.0
232,Varkkallai,IN,2022-11-30 04:17:31,8.7341,76.7067,83.98,73,24,3.51
233,Lebu,CL,2022-11-30 04:17:31,-37.6167,-73.65,53.85,82,88,18.79
234,Tignere,CM,2022-11-30 04:17:32,7.3667,12.65,62.58,41,92,1.12
235,Mogadishu,SO,2022-11-30 04:15:57,2.0371,45.3438,80.71,73,60,15.55
236,Sitka,US,2022-11-30 04:17:32,57.0531,-135.33,24.69,33,0,18.41
237,Dalkola,IN,2022-11-30 04:17:32,25.85,87.85,75.63,43,6,3.47
238,Patiya,BD,2022-11-30 04:17:33,22.2931,91.9762,83.48,67,2,2.77
239,Martapura,ID,2022-11-30 04:17:33,-3.4167,114.85,82.49,78,40,8.05
240,Oktyabrskoye,RU,2022-11-30 04:17:33,43.0645,44.7417,33.3,91,100,4.0
241,Marzuq,YE,2022-11-30 04:17:33,14.4,46.4667,64.51,42,0,1.16
242,Teguldet,RU,2022-11-30 04:17:34,57.3064,88.1667,-11.61,93,20,3.31
243,Awbari,LY,2022-11-30 04:13:08,26.5921,12.7805,49.19,51,0,5.59
244,Sola,VU,2022-11-30 04:17:34,-13.8833,167.55,82.98,72,71,8.88
245,Rocha,UY,2022-11-30 04:17:34,-34.4833,-54.3333,61.21,97,1,6.96
246,Patiala,IN,2022-11-30 04:17:34,30.3267,76.4003,66.16,44,0,2.44
247,Shimonoseki,JP,2022-11-30 04:17:35,33.95,130.95,53.64,54,75,17.27
248,Sampit,ID,2022-11-30 04:17:35,-2.5333,112.95,91.76,51,62,4.7
249,Faya,SA,2022-11-30 04:16:54,18.3851,42.4509,51.91,64,1,1.19
250,Kysyl-Syr,RU,2022-11-30 04:17:35,63.8986,122.7617,-26.86,98,100,4.68
251,Yumen,CN,2022-11-30 04:17:36,40.2833,97.2,7.61,66,94,4.32
252,Aklavik,CA,2022-11-30 04:17:36,68.2191,-135.0107,-11.36,85,100,3.62
253,Kodiak,US,2022-11-30 04:17:36,57.79,-152.4072,27.91,50,0,13.8
254,Carnarvon,AU,2022-11-30 04:15:28,-24.8667,113.6333,77.67,63,0,13.58
255,Monrovia,LR,2022-11-30 04:17:37,6.3005,-10.7969,74.97,82,37,1.39
256,Yellowknife,CA,2022-11-30 04:13:00,62.456,-114.3525,-25.47,97,92,3.74
257,Soligalich,RU,2022-11-30 04:17:37,59.0778,42.2864,8.28,97,36,1.92
258,Seka,TH,2022-11-30 04:17:37,17.9285,103.9552,89.51,53,18,3.22
259,Chokwe,MZ,2022-11-30 04:17:38,-24.5333,32.9833,67.28,74,2,4.74
260,Saint-Louis,SN,2022-11-30 04:17:38,16.3333,-15.0,73.04,17,4,8.97
261,Kashi,CN,2022-11-30 04:17:38,39.4547,75.9797,20.41,32,97,6.71
262,Comodoro Rivadavia,AR,2022-11-30 04:17:39,-45.8667,-67.5,44.46,65,0,3.44
263,Saldanha,ZA,2022-11-30 04:17:39,-33.0117,17.9442,61.74,95,42,5.06
264,Upernavik,GL,2022-11-30 04:17:39,72.7868,-56.1549,5.38,95,100,14.92
265,Podporozhye,RU,2022-11-30 04:17:40,60.9112,34.1706,16.9,94,94,3.24
266,Giyani,ZA,2022-11-30 04:17:40,-23.3025,30.7187,64.4,75,20,3.11
267,Changli,CN,2022-11-30 04:17:40,39.7042,119.1506,22.24,16,0,12.35
268,Vestmannaeyjar,IS,2022-11-30 04:17:40,63.4427,-20.2734,47.97,90,100,31.92
269,Necochea,AR,2022-11-30 04:17:41,-38.5473,-58.7368,61.59,95,87,12.28
270,Mayen,DE,2022-11-30 04:18:41,50.3333,7.2167,43.29,93,100,1.83
271,Sur,OM,2022-11-30 04:18:41,22.5667,59.5289,78.58,51,3,7.07
272,Cadillac,US,2022-11-30 04:15:33,44.2519,-85.4012,48.11,93,100,12.66
273,Mandurah,AU,2022-11-30 04:16:25,-32.55,115.7,73.17,69,25,18.7
274,Yamada,JP,2022-11-30 04:18:42,39.4667,141.95,55.36,58,83,10.74
275,Gravdal,NO,2022-11-30 04:18:42,68.1214,13.5031,40.89,81,75,11.5
276,Ranong,TH,2022-11-30 04:18:42,9.9658,98.6348,87.73,65,71,4.29
277,Uniontown,US,2022-11-30 04:18:43,39.9001,-79.7164,53.94,43,100,1.01
278,Yaring,TH,2022-11-30 04:18:43,6.8662,101.3689,84.36,70,55,8.86
279,Lensk,RU,2022-11-30 04:18:43,60.7253,114.9278,-9.53,93,100,14.83
280,Marawi,PH,2022-11-30 04:18:43,7.9986,124.2928,78.17,75,96,6.91
281,Ceres,US,2022-11-30 04:18:44,37.5949,-120.9577,48.79,81,0,0.0
282,Novyy Urengoy,RU,2022-11-30 04:18:44,66.0833,76.6333,-6.3,100,58,3.38
283,Porto Belo,BR,2022-11-30 04:18:44,-27.1578,-48.5531,73.89,95,100,16.42
284,Touros,BR,2022-11-30 04:18:45,-5.1989,-35.4608,77.25,73,83,7.78
285,Santiago De Cao,PE,2022-11-30 04:18:45,-7.9589,-79.2392,64.53,88,75,4.61
286,Alta Floresta,BR,2022-11-30 04:18:45,-9.8756,-56.0861,67.91,97,97,2.44
287,Dudinka,RU,2022-11-30 04:18:45,69.4058,86.1778,-7.49,100,100,3.44
288,Linares,CL,2022-11-30 04:18:46,-35.85,-71.6,54.81,70,49,3.53
289,Najran,SA,2022-11-30 04:18:46,17.4924,44.1277,56.05,40,3,1.79
290,West Plains,US,2022-11-30 04:18:46,36.7281,-91.8524,41.83,75,100,15.01
291,Ostrovskoye,RU,2022-11-30 04:18:47,57.8057,42.2433,5.94,97,46,1.83
292,Santander,ES,2022-11-30 04:16:35,43.4647,-3.8044,52.47,91,100,1.01
293,Khagaria,IN,2022-11-30 04:18:47,25.5,86.4833,74.91,42,38,4.47
294,Shubarkuduk,KZ,2022-11-30 04:18:47,49.1447,56.4872,14.29,41,0,11.59
295,Fairbanks,US,2022-11-30 04:18:47,64.8378,-147.7164,-9.4,76,0,0.0
296,Zhigalovo,RU,2022-11-30 04:18:48,54.8097,105.1578,0.46,81,100,8.7
297,Kahului,US,2022-11-30 04:17:38,20.8947,-156.47,78.82,85,40,4.61
298,Los Llanos De Aridane,ES,2022-11-30 04:16:08,28.6585,-17.9182,64.15,78,100,11.5
299,Ketchikan,US,2022-11-30 04:14:39,55.3422,-131.6461,23.47,36,40,5.75
300,Port-Cartier,CA,2022-11-30 04:18:48,50.0334,-66.8654,13.68,90,13,6.91
301,Asind,IN,2022-11-30 04:18:48,25.7333,74.3333,68.22,31,21,5.57
302,Fort Pierce,US,2022-11-30 04:14:26,27.4467,-80.3256,77.0,73,0,15.99
303,Asau,RO,2022-11-30 04:18:49,46.4333,26.4,33.28,96,100,3.44
304,Mezhdurechensk,RU,2022-11-30 04:18:49,53.6942,88.0603,-1.61,81,26,1.63
305,Rorvik,NO,2022-11-30 04:18:49,64.8621,11.2373,35.71,80,100,9.22
306,Galesburg,US,2022-11-30 04:15:37,40.9478,-90.3712,26.98,83,100,25.32
307,Indija,IN,2022-11-30 04:17:36,20.0,77.0,72.66,40,58,6.33
308,Sinnamary,GF,2022-11-30 04:18:50,5.3833,-52.95,75.6,90,85,6.04
309,Codrington,AU,2022-11-30 04:18:50,-38.2667,141.9667,61.0,67,93,11.14
310,Gambela,ET,2022-11-30 04:18:50,8.25,34.5833,73.85,63,94,4.14
311,Palana,RU,2022-11-30 04:18:51,59.1167,159.9667,19.02,65,100,6.51
312,Dunedin,NZ,2022-11-30 04:14:32,-45.8742,170.5036,57.79,74,100,15.01
313,Basco,PH,2022-11-30 04:18:51,20.4487,121.9702,80.96,79,89,19.26
314,Namatanai,PG,2022-11-30 04:18:51,-3.6667,152.4333,85.15,65,100,6.55
315,Lakes Entrance,AU,2022-11-30 04:19:51,-37.8811,147.981,65.16,56,5,9.1
316,Fort Wellington,GY,2022-11-30 04:19:52,6.4,-57.6,76.06,89,100,7.61
317,Bosaso,SO,2022-11-30 04:19:52,11.2842,49.1816,75.97,70,0,5.06
318,Berlin,DE,2022-11-30 04:19:43,52.5244,13.4105,39.94,92,100,8.05
319,Adrar,MR,2022-11-30 04:19:52,20.5022,-10.0711,60.84,21,0,9.06
320,Ajdabiya,LY,2022-11-30 04:19:53,30.7554,20.2263,59.07,76,27,7.45
321,Kopong,BW,2022-11-30 04:19:53,-24.4833,25.8833,62.83,88,0,4.61
322,Puerto Colombia,CO,2022-11-30 04:19:53,10.9878,-74.9547,80.69,82,99,13.76
323,Constantine,DZ,2022-11-30 04:19:53,36.365,6.6147,45.81,87,75,8.05
324,Ginir,ET,2022-11-30 04:19:54,7.1333,40.7,55.81,50,5,3.78
325,Yerbogachen,RU,2022-11-30 04:19:54,61.2767,108.0108,-0.27,96,100,11.65
326,Fernley,US,2022-11-30 04:17:30,39.608,-119.2518,36.84,50,100,1.99
327,Alyangula,AU,2022-11-30 04:19:54,-13.8483,136.4192,86.7,61,96,20.18
328,Juruti,BR,2022-11-30 04:19:54,-2.1522,-56.0922,74.88,89,90,1.3
329,San Policarpo,PH,2022-11-30 04:16:49,12.1791,125.5072,84.04,76,94,12.84
330,Taoudenni,ML,2022-11-30 04:15:42,22.6783,-3.9836,60.58,20,0,10.25
331,Pisco,PE,2022-11-30 04:19:55,-13.7,-76.2167,66.25,82,0,2.3
332,Bengkulu,ID,2022-11-30 04:18:02,-3.8004,102.2655,83.61,70,97,4.68
333,Sao Joao Da Barra,BR,2022-11-30 04:19:23,-21.6403,-41.0511,73.24,91,100,15.46
334,Oranjestad,AW,2022-11-30 04:19:55,12.524,-70.027,80.55,83,20,10.36
335,Pedasi,PA,2022-11-30 04:19:56,7.5333,-80.0333,75.07,88,100,6.31
336,Garowe,SO,2022-11-30 04:19:56,8.4054,48.4845,69.42,69,0,11.07
337,Zigong,CN,2022-11-30 04:17:16,29.3416,104.7769,43.12,79,100,9.57
338,Pochutla,MX,2022-11-30 04:19:56,15.7432,-96.4661,75.81,88,91,2.89
339,Nang Rong,TH,2022-11-30 04:19:56,14.6377,102.7914,86.04,64,95,4.7
340,Ixtapa,MX,2022-11-30 04:19:57,20.7,-105.2,72.23,88,0,0.0
341,Bradford,GB,2022-11-30 04:19:57,53.7939,-1.7521,38.62,98,71,2.21
342,Verkhnevilyuysk,RU,2022-11-30 04:19:57,63.4453,120.3167,-18.71,95,99,5.91
343,Sistranda,NO,2022-11-30 04:19:57,63.7256,8.834,37.36,92,100,6.35
344,La Baule-Escoublac,FR,2022-11-30 04:19:58,47.2922,-2.364,42.46,95,100,8.05
345,Hede,CN,2022-11-30 04:19:58,33.7681,120.2517,38.16,48,100,16.91
346,Aktash,RU,2022-11-30 04:19:58,50.3,87.7333,-9.35,66,19,3.76
347,Leshukonskoye,RU,2022-11-30 04:19:59,64.8989,45.7622,23.59,97,95,4.32
348,Kaabong,UG,2022-11-30 04:19:59,3.4836,34.1492,65.73,65,49,14.34
349,Singkawang,ID,2022-11-30 04:19:59,0.9,109.0,86.05,67,96,4.94
350,Scarborough,GB,2022-11-30 04:19:01,54.2797,-0.4044,39.92,92,89,1.01
351,Morehead,US,2022-11-30 04:20:00,37.2711,-87.1764,59.99,97,100,3.44
352,Cabo San Lucas,MX,2022-11-30 04:20:00,22.8909,-109.9124,69.62,74,19,5.28
353,Havelock,US,2022-11-30 04:20:01,34.8791,-76.9013,62.55,88,75,3.44
354,Paamiut,GL,2022-11-30 04:20:01,61.994,-49.6678,26.89,80,100,16.73
355,Pandan Niog,PH,2022-11-30 04:20:01,6.2282,120.5631,83.61,71,97,3.09
356,Mayor Pablo Lagerenza,PY,2022-11-30 04:20:02,-19.9309,-60.7718,80.38,41,84,5.41
357,Ternate,ID,2022-11-30 04:20:02,0.8,127.4,84.22,71,24,8.37
358,Maniitsoq,GL,2022-11-30 04:20:02,65.4167,-52.9,26.2,75,100,23.13
359,De Aar,ZA,2022-11-30 04:20:03,-30.6497,24.0123,72.88,44,3,11.81
360,Ancud,CL,2022-11-30 04:18:27,-41.8697,-73.8203,45.18,75,5,7.61
361,Port Augusta,AU,2022-11-30 04:21:03,-32.5,137.7667,78.17,30,0,13.89
362,Tautira,PF,2022-11-30 04:19:19,-17.7333,-149.15,78.21,81,19,10.4
363,Rio Gallegos,AR,2022-11-30 04:21:03,-51.6226,-69.2181,46.45,42,0,11.5
364,Lasa,IT,2022-11-30 04:21:04,46.6166,10.7002,40.08,94,59,4.61
365,Kirkuk,IQ,2022-11-30 04:21:04,35.4681,44.3922,62.64,62,100,3.94
366,Korla,CN,2022-11-30 04:21:04,41.7597,86.1469,17.24,22,40,3.11
367,Lewisporte,CA,2022-11-30 04:21:05,49.2499,-55.0482,20.91,94,52,8.41
368,Nhulunbuy,AU,2022-11-30 04:21:05,-12.2333,136.7667,88.41,62,75,5.75
369,Ocos,GT,2022-11-30 04:21:05,14.5094,-92.1933,73.58,78,100,4.47
370,Kichera,RU,2022-11-30 04:21:05,55.9375,110.0997,-11.36,73,32,0.92
371,Yazman,PK,2022-11-30 04:21:06,29.1212,71.7446,71.65,18,0,3.15
372,Gizo,SB,2022-11-30 04:21:06,-8.103,156.8419,83.3,72,100,4.61
373,Kutum,SD,2022-11-30 04:21:06,14.2,24.6667,64.33,28,3,6.04
374,Port Hedland,AU,2022-11-30 04:21:07,-20.3167,118.5667,89.65,62,16,12.66
375,Bambous Virieux,MU,2022-11-30 04:21:07,-20.3428,57.7575,80.22,65,40,4.61
376,Mulki,IN,2022-11-30 04:21:07,13.1,74.8,81.68,83,20,3.44
377,Glace Bay,CA,2022-11-30 04:21:08,46.1969,-59.957,30.58,71,75,12.66
378,Abha,SA,2022-11-30 04:21:08,18.2164,42.5053,51.62,71,0,0.0
379,Westport,US,2022-11-30 04:17:06,41.1415,-73.3579,38.75,75,0,3.44
380,Kerema,PG,2022-11-30 04:21:09,-7.9631,145.7785,85.82,68,39,7.4
381,Piacabucu,BR,2022-11-30 04:21:09,-10.4056,-36.4344,73.87,92,100,8.88
382,Algeciras,ES,2022-11-30 04:21:10,36.1333,-5.4505,51.48,71,92,4.61
383,Chicama,PE,2022-11-30 04:17:20,-7.8447,-79.1469,63.14,83,57,3.42
384,Rio Bueno,CL,2022-11-30 04:21:10,-40.3167,-72.9667,48.34,90,80,3.94
385,Guerrero Negro,MX,2022-11-30 04:21:11,27.9769,-114.0611,59.63,74,49,9.6
386,Promyshlennyy,RU,2022-11-30 04:21:11,67.5833,63.9167,-8.81,100,71,4.14
387,Okha,RU,2022-11-30 04:21:11,53.5739,142.9478,14.52,90,100,30.56
388,Tura,IN,2022-11-30 04:21:12,25.5198,90.2201,76.23,51,0,1.32
389,Grindavik,IS,2022-11-30 04:21:12,63.8424,-22.4338,48.67,93,75,37.98
390,Yurgamysh,RU,2022-11-30 04:21:12,55.3714,64.4656,1.81,85,100,3.62
391,Port Lincoln,AU,2022-11-30 04:21:13,-34.7333,135.8667,63.68,59,25,10.33
392,Saquarema,BR,2022-11-30 04:21:13,-22.92,-42.5103,72.55,91,100,16.11
393,Luena,AO,2022-11-30 04:21:13,-11.7833,19.9167,59.52,98,97,2.62
394,Cabra,ES,2022-11-30 04:21:14,37.4725,-4.4421,46.2,47,53,2.33
395,Matadi,CD,2022-11-30 04:21:14,-5.8167,13.45,72.95,98,100,1.59
396,Maxixe,MZ,2022-11-30 04:21:14,-23.8597,35.3472,69.62,73,75,5.75
397,Avera,US,2022-11-30 04:21:15,33.194,-82.5271,63.37,69,63,10.31
398,Nome,US,2022-11-30 04:21:15,64.5011,-165.4064,17.67,79,100,13.8
399,Sorkjosen,NO,2022-11-30 04:21:15,69.8,20.9333,33.8,69,100,9.22
400,Pacific Grove,US,2022-11-30 04:19:24,36.6177,-121.9166,47.88,82,0,3.44
401,Moose Factory,CA,2022-11-30 04:21:15,51.2585,-80.6094,28.4,93,100,16.11
402,Kamenka,RU,2022-11-30 04:21:16,51.3223,42.7678,20.86,56,29,7.05
403,Sayyan,YE,2022-11-30 04:21:16,15.1718,44.3244,48.81,40,0,3.96
404,Cayenne,GF,2022-11-30 04:21:16,4.9333,-52.3333,73.44,94,100,0.0
405,Khani,GE,2022-11-30 04:21:17,41.9563,42.9566,49.57,70,100,6.64
406,Brigantine,US,2022-11-30 04:21:17,39.4101,-74.3646,45.01,72,100,3.0
407,Teknaf,BD,2022-11-30 04:21:17,20.8624,92.3058,84.07,66,11,3.96
408,Eureka,US,2022-11-30 04:22:17,40.8021,-124.1637,43.41,91,87,5.26
409,Shunyi,CN,2022-11-30 04:22:18,40.125,116.6453,26.55,15,0,17.9
410,Broome,US,2022-11-30 04:22:18,42.2506,-75.833,37.62,77,0,12.66
411,Havoysund,NO,2022-11-30 04:22:18,70.9963,24.6622,37.63,89,100,14.23
412,Sao Filipe,CV,2022-11-30 04:22:19,14.8961,-24.4956,73.96,65,16,8.84
413,Ravar,IR,2022-11-30 04:22:19,31.2656,56.8055,55.71,37,99,0.51
414,Cuddapah,IN,2022-11-30 04:20:11,14.4667,78.8167,77.0,78,20,2.3
415,Pachino,IT,2022-11-30 04:22:19,36.7186,15.0907,54.84,74,88,6.87
416,Kudahuvadhoo,MV,2022-11-30 04:22:20,2.6708,72.8944,80.47,66,100,5.88
417,Marsa Matruh,EG,2022-11-30 04:20:14,31.3525,27.2453,55.6,88,0,4.61
418,Jaguaquara,BR,2022-11-30 04:22:20,-13.5306,-39.9708,68.04,95,100,3.2
419,Saskatoon,CA,2022-11-30 04:22:06,52.1168,-106.6345,6.78,77,100,10.36
420,Honiara,SB,2022-11-30 04:22:20,-9.4333,159.95,84.38,73,90,4.14
421,Moscow,RU,2022-11-30 04:19:45,55.7522,37.6156,13.37,96,65,4.05
422,Chilliwack,CA,2022-11-30 04:22:21,49.1747,-121.9443,32.2,89,100,10.36
423,Namibe,AO,2022-11-30 04:22:21,-15.1961,12.1522,68.94,83,100,5.26
424,Gumdag,TM,2022-11-30 04:22:21,39.2061,54.5906,48.88,70,84,10.13
425,Half Moon Bay,US,2022-11-30 04:20:33,37.4636,-122.4286,50.83,73,20,10.36
426,Constitucion,CL,2022-11-30 04:22:22,-35.3333,-72.4167,54.36,95,44,10.51
427,Batagay-Alyta,RU,2022-11-30 04:22:22,67.8006,130.4114,-17.39,99,100,2.13
428,Juneau,US,2022-11-30 04:22:22,58.3019,-134.4197,19.4,100,20,11.5
429,Goure,NE,2022-11-30 04:22:22,13.9835,10.2704,58.89,33,46,7.38
430,Lokoja,NG,2022-11-30 04:22:23,7.8024,6.743,74.48,44,39,1.83
431,Zhigansk,RU,2022-11-30 04:22:23,66.7697,123.3711,-40.9,100,98,4.56
432,Bandarbeyla,SO,2022-11-30 04:22:23,9.4942,50.8122,77.5,70,7,15.35
433,Kavieng,PG,2022-11-30 04:18:06,-2.5744,150.7967,85.01,61,100,6.08
434,Denpasar,ID,2022-11-30 04:22:24,-8.65,115.2167,85.71,74,20,10.36
435,Lebanon,US,2022-11-30 04:22:24,36.2081,-86.2911,62.13,93,75,14.97
436,Whitehorse,CA,2022-11-30 04:22:24,60.7161,-135.0538,-1.43,65,100,6.91
437,Hami,CN,2022-11-30 04:22:24,42.8,93.45,12.65,19,0,1.34
438,Raudeberg,NO,2022-11-30 04:22:25,61.9875,5.1352,43.86,67,99,9.48
439,Luba,GQ,2022-11-30 04:22:25,3.4568,8.5547,76.89,82,100,6.02
440,Faanui,PF,2022-11-30 04:22:25,-16.4833,-151.75,79.68,76,22,11.5
441,Salalah,OM,2022-11-30 04:22:04,17.0151,54.0924,75.29,78,20,3.44
442,Kiunga,PG,2022-11-30 04:22:26,-6.1219,141.2906,92.89,48,97,3.31
443,Roald,NO,2022-11-30 04:21:52,62.5833,6.1333,43.32,81,100,12.66
444,Buala,SB,2022-11-30 04:17:57,-8.145,159.5921,82.53,78,95,3.38
445,Linxia,CN,2022-11-30 04:22:26,35.6003,103.2064,18.41,31,100,2.17
446,Vangaindrano,MG,2022-11-30 04:22:26,-23.35,47.6,74.98,88,95,4.12
447,Naryan-Mar,RU,2022-11-30 04:22:27,67.6713,53.087,6.64,98,68,4.7
448,Karratha,AU,2022-11-30 04:22:27,-20.7377,116.8463,92.41,35,15,13.18
449,Emba,KZ,2022-11-30 04:22:27,48.8264,58.1442,12.33,48,21,13.4
450,Alpena,US,2022-11-30 04:22:27,45.0617,-83.4327,46.72,91,100,19.57
451,Verkhnyaya Inta,RU,2022-11-30 04:22:28,65.9811,60.3094,7.2,99,97,2.59
452,Yaremche,UA,2022-11-30 04:23:28,48.4583,24.5519,23.41,96,52,3.29
453,Northam,GB,2022-11-30 04:23:28,51.0333,-4.2167,41.25,88,99,9.31
454,Saint Anthony,US,2022-11-30 04:23:29,45.0205,-93.218,22.6,78,100,17.27
455,Cheremnoye,RU,2022-11-30 04:23:29,53.1697,83.2133,-14.21,84,91,5.99
456,Pingzhuang,CN,2022-11-30 04:23:29,42.0372,119.2889,15.46,22,1,17.05
457,Guymon,US,2022-11-30 04:23:29,36.6828,-101.4816,15.8,92,0,4.61
458,Alice Springs,AU,2022-11-30 04:23:30,-23.7,133.8833,81.95,20,0,10.36
459,Marienburg,PL,2022-11-30 04:23:30,54.0359,19.0266,33.89,96,24,7.31
460,Sinnar,SD,2022-11-30 04:23:30,13.5691,33.5672,77.65,21,2,11.63
461,Sabzevar,IR,2022-11-30 04:23:30,36.2126,57.6819,40.28,75,0,11.5
462,Waipawa,NZ,2022-11-30 04:23:31,-41.4122,175.5153,61.12,63,99,16.96
463,Tiznit,MA,2022-11-30 04:23:31,29.5833,-9.5,55.83,37,0,1.1
464,Aginskoye,RU,2022-11-30 04:23:31,51.1,114.53,-4.11,60,6,17.11
465,Quang Ngai,VN,2022-11-30 04:23:32,15.1167,108.8,83.91,70,8,3.62
466,Cazones,MX,2022-11-30 04:23:32,20.7167,-97.3167,74.88,96,96,6.78
467,Neryungri,RU,2022-11-30 04:23:32,56.6709,124.6491,-19.35,89,100,12.15
468,Jiangyou,CN,2022-11-30 04:23:32,31.7667,104.7167,38.44,93,100,5.57
469,Yiyang,CN,2022-11-30 04:23:33,28.5892,112.3283,32.54,86,100,13.38
470,Kaeo,NZ,2022-11-30 04:23:33,-35.1,173.7833,68.32,90,10,12.48
471,Elat,IL,2022-11-30 04:23:33,29.5581,34.9482,57.04,77,0,0.0
472,Wattegama,LK,2022-11-30 04:23:33,6.7989,81.4808,81.63,59,75,4.83
473,Micheweni,TZ,2022-11-30 04:23:34,-4.9667,39.8333,78.01,82,41,3.89
474,Buraydah,SA,2022-11-30 04:23:34,26.326,43.975,64.85,32,77,10.07
475,Roseto Degli Abruzzi,IT,2022-11-30 04:23:34,42.6664,14.0227,50.9,86,100,6.24
476,Kurilsk,RU,2022-11-30 04:23:35,45.2333,147.8833,32.92,94,100,11.95
477,Saint-Denis,FR,2022-11-30 04:23:35,48.9167,2.3333,44.19,94,100,8.05
478,Qaqortoq,GL,2022-11-30 04:23:35,60.7167,-46.0333,27.61,85,100,3.49
479,Jining,CN,2022-11-30 04:23:35,35.405,116.5814,27.73,15,84,7.09
480,Prince Rupert,CA,2022-11-30 04:23:36,54.3161,-130.3201,24.49,47,0,17.27
481,Kontagora,NG,2022-11-30 04:23:36,10.3999,5.4695,66.7,34,14,5.48
482,Ilulissat,GL,2022-11-30 04:20:41,69.2167,-51.1,26.62,80,100,13.8
483,Emerald,AU,2022-11-30 04:23:36,-23.5333,148.1667,68.34,96,100,15.5
484,Tulu Bolo,ET,2022-11-30 04:23:37,8.6667,38.2167,49.48,62,63,3.91
485,Neuenburg,CH,2022-11-30 04:23:37,46.9918,6.931,45.19,94,75,5.75
486,Kulhudhuffushi,MV,2022-11-30 04:23:37,6.6221,73.07,81.25,69,53,4.36
487,Tiksi,RU,2022-11-30 04:23:37,71.6872,128.8694,-26.36,100,94,2.89
488,Cochabamba,BO,2022-11-30 04:23:38,-17.3895,-66.1568,62.35,45,75,3.44
489,Buin,CL,2022-11-30 04:23:38,-33.7333,-70.75,64.74,87,1,1.59
490,Barra Patuca,HN,2022-11-30 04:23:38,15.8,-84.2833,77.5,79,10,6.76
491,Tshikapa,CD,2022-11-30 04:23:19,-6.4167,20.8,67.91,98,100,1.88
492,Chateaubelair,VC,2022-11-30 04:23:39,13.2833,-61.25,76.46,80,23,13.0
493,Lac Du Bonnet,CA,2022-11-30 04:23:39,50.2536,-96.0612,19.92,95,100,7.67
494,Santiago,CL,2022-11-30 04:23:39,-33.4569,-70.6483,63.86,78,75,8.05
495,Thung Song,TH,2022-11-30 04:23:40,8.1645,99.6804,89.85,68,98,7.11
496,Esperance,AU,2022-11-30 04:23:40,-33.8667,121.9,78.12,38,100,13.2
497,Ranau,MY,2022-11-30 04:23:40,5.9538,116.6641,82.85,66,99,3.44
498,Bac Lieu,VN,2022-11-30 04:24:40,9.285,105.7244,84.83,71,96,15.12
499,Saint-Augustin,CA,2022-11-30 04:24:41,51.226,-58.6502,9.07,81,8,12.59
500,La Rioja,ES,2022-11-30 04:24:41,42.25,-2.5,35.38,83,100,3.27
501,Okhotsk,RU,2022-11-30 04:24:41,59.3833,143.3,8.92,86,100,31.94
502,Cao Bang,VN,2022-11-30 04:24:41,22.6667,106.25,64.4,94,97,3.47
503,Charlestown,AU,2022-11-30 04:24:42,-32.95,151.6667,70.41,66,65,5.01
504,Muscat,OM,2022-11-30 04:24:42,23.6139,58.5922,78.12,45,15,5.77
505,Sobolevo,RU,2022-11-30 04:24:42,54.4299,31.8996,19.83,89,100,8.43
506,Rawson,AR,2022-11-30 04:24:43,-43.3002,-65.1023,54.37,69,53,10.78
507,Sarankhola,BD,2022-11-30 04:24:43,22.3082,89.7897,82.2,43,3,5.12
508,Nangong,CN,2022-11-30 04:24:43,37.3581,115.3744,26.15,11,95,5.97
509,Pelym,RU,2022-11-30 04:24:43,61.0108,61.9978,3.9,98,87,3.27
510,Conchas,BR,2022-11-30 04:24:44,-23.0153,-48.0106,65.16,95,91,5.37
511,Ellisras,ZA,2022-11-30 04:24:44,-23.6649,27.7443,63.36,68,0,5.03
512,Alofi,NU,2022-11-30 04:24:30,-19.0595,-169.9187,82.29,69,10,10.36
513,Akdepe,TM,2022-11-30 04:24:44,42.0551,59.3788,28.49,60,78,10.74
514,Shellbrook,CA,2022-11-30 04:24:44,53.2168,-106.4011,2.43,93,100,8.99
515,Ostrovnoy,RU,2022-11-30 04:21:10,68.0531,39.5131,28.9,91,88,15.39
516,Mawlaik,MM,2022-11-30 04:24:45,23.6333,94.4167,81.88,54,28,3.22
517,Koslan,RU,2022-11-30 04:24:45,63.4564,48.8989,23.18,97,100,5.26
518,Bukachacha,RU,2022-11-30 04:24:45,52.9833,116.9167,-10.71,65,100,5.75
519,Kholm,RU,2022-11-30 04:24:46,59.2667,32.85,21.74,83,100,5.57
520,Ziro,IN,2022-11-30 04:24:46,27.6333,93.8333,52.54,42,0,1.32
521,San Isidro,PE,2022-11-30 04:22:47,-12.1167,-77.05,67.59,83,100,8.05
522,General Roca,AR,2022-11-30 04:24:46,-39.0333,-67.5833,73.85,24,38,14.99
523,Arman,RU,2022-11-30 04:24:47,59.7,150.1667,25.02,80,100,36.15
524,Naze,JP,2022-11-30 04:20:31,28.3667,129.4833,63.52,85,98,23.82
525,Chumikan,RU,2022-11-30 04:24:47,54.7183,135.315,-3.3,65,100,23.0
526,Inhambane,MZ,2022-11-30 04:24:47,-23.865,35.3833,69.78,73,75,5.75
527,San Ramon,US,2022-11-30 04:21:35,37.7799,-121.978,48.83,64,0,6.91
528,Beohari,IN,2022-11-30 04:24:47,24.05,81.3833,68.5,41,75,3.33
529,Kamyaran,IR,2022-11-30 04:24:48,34.7956,46.9355,50.18,59,100,3.15
530,Sulangan,PH,2022-11-30 04:24:48,11.1373,123.7228,83.59,74,100,13.02
531,Biak,ID,2022-11-30 04:24:48,-0.9131,122.8766,84.52,65,100,0.38
532,Lavrentiya,RU,2022-11-30 04:24:49,65.5833,-171.0,30.87,99,100,10.85
533,Candelaria,PH,2022-11-30 04:24:49,13.9311,121.4233,86.4,67,69,9.89
534,Concepcion Del Uruguay,AR,2022-11-30 04:24:49,-32.4825,-58.2372,74.98,70,0,8.57
535,Bambari,CF,2022-11-30 04:24:49,5.768,20.6757,75.18,65,100,0.25
536,Nizhniy Kuranakh,RU,2022-11-30 04:24:50,58.8353,125.4869,-16.08,93,100,8.9
537,Soe,ID,2022-11-30 04:24:50,-9.8607,124.284,81.46,55,97,7.96
538,Camabatela,AO,2022-11-30 04:24:50,-8.1881,15.375,61.07,99,100,3.53
539,Juybar,IR,2022-11-30 04:24:50,36.6412,52.9124,55.49,77,100,2.66
540,Yulara,AU,2022-11-30 04:24:51,-25.2406,130.9889,85.75,14,0,8.9
541,Karangampel,ID,2022-11-30 04:24:51,-6.4622,108.4519,86.67,57,92,5.88
542,Kshenskiy,RU,2022-11-30 04:24:51,51.8408,37.7136,20.62,78,77,10.09
543,Otane,NZ,2022-11-30 04:24:52,-39.8833,176.6333,68.02,62,100,8.23
544,Ribas Do Rio Pardo,BR,2022-11-30 04:24:52,-20.4431,-53.7592,69.26,83,97,3.87
545,Mayahi,NE,2022-11-30 04:24:52,13.9553,7.6712,61.63,27,10,9.6
546,Nanakuli,US,2022-11-30 04:25:52,21.3906,-158.1547,80.55,63,0,8.05
